Project Name,Package Name,Type Name,NOF,NOPF,NOM,NOPM,LOC,WMC,NC,DIT,LCOM,FANIN,FANOUT 
dubbo-compatible,com.alibaba.dubbo.cache,Cache,0,0,0,0,2,0,0,0,-1.0,2,0
dubbo-compatible,com.alibaba.dubbo.cache,CacheFactory,0,0,2,0,6,2,0,0,-1.0,1,2
dubbo-compatible,com.alibaba.dubbo.cache.support,AbstractCacheFactory,1,0,3,2,17,4,0,0,0.0,0,3
dubbo-compatible,com.alibaba.dubbo.common.compiler,Compiler,0,0,0,0,2,0,0,0,-1.0,0,0
dubbo-compatible,com.alibaba.dubbo.common,Constants,252,252,0,0,254,0,0,0,-1.0,6,0
dubbo-compatible,com.alibaba.dubbo.common,DelegateURL,1,0,202,202,609,202,0,1,0.019801980198019802,0,0
dubbo-compatible,com.alibaba.dubbo.common,URL,0,0,117,116,379,121,1,0,-1.0,40,1
dubbo-compatible,com.alibaba.dubbo.common.extension,ExtensionFactory,0,0,0,0,2,0,0,0,-1.0,0,0
dubbo-compatible,com.alibaba.dubbo.common.logger,LoggerAdapter,0,0,0,0,2,0,0,0,-1.0,0,0
dubbo-compatible,com.alibaba.dubbo.common.serialize,ObjectInput,0,0,0,0,2,0,0,0,-1.0,0,0
dubbo-compatible,com.alibaba.dubbo.common.serialize,ObjectOutput,0,0,0,0,2,0,0,0,-1.0,0,0
dubbo-compatible,com.alibaba.dubbo.common.serialize,Serialization,0,0,4,0,10,4,0,0,-1.0,0,1
dubbo-compatible,com.alibaba.dubbo.common.status,Status,0,0,3,3,11,3,0,0,-1.0,1,0
dubbo-compatible,com.alibaba.dubbo.common.status,StatusChecker,0,0,1,0,3,1,0,0,-1.0,1,0
dubbo-compatible,com.alibaba.dubbo.common.store,DataStore,0,0,0,0,2,0,0,0,-1.0,0,0
dubbo-compatible,com.alibaba.dubbo.common.threadpool,ThreadPool,0,0,2,0,6,2,0,0,-1.0,0,1
dubbo-compatible,com.alibaba.dubbo.common.utils,UrlUtils,0,0,19,19,63,19,0,0,-1.0,0,1
dubbo-compatible,com.alibaba.dubbo.config,ApplicationConfig,0,0,5,5,17,5,0,0,-1.0,7,2
dubbo-compatible,com.alibaba.dubbo.config,ArgumentConfig,0,0,0,0,2,0,0,0,-1.0,3,0
dubbo-compatible,com.alibaba.dubbo.config,ConsumerConfig,0,0,6,6,25,7,0,0,-1.0,2,5
dubbo-compatible,com.alibaba.dubbo.config,MethodConfig,0,0,2,2,13,3,0,0,-1.0,5,1
dubbo-compatible,com.alibaba.dubbo.config,ModuleConfig,0,0,5,5,16,5,0,0,-1.0,5,2
dubbo-compatible,com.alibaba.dubbo.config,MonitorConfig,0,0,2,2,7,2,0,0,-1.0,6,0
dubbo-compatible,com.alibaba.dubbo.config,ProtocolConfig,0,0,4,4,13,4,0,0,-1.0,5,1
dubbo-compatible,com.alibaba.dubbo.config,ProviderConfig,0,0,8,8,31,9,0,0,-1.0,2,6
dubbo-compatible,com.alibaba.dubbo.config,ReferenceConfig,0,0,10,10,36,11,0,0,-1.0,3,6
dubbo-compatible,com.alibaba.dubbo.config,RegistryConfig,0,0,3,3,10,3,0,0,-1.0,11,0
dubbo-compatible,com.alibaba.dubbo.config,ServiceConfig,0,0,15,12,87,20,0,0,-1.0,3,8
dubbo-compatible,com.alibaba.dubbo.container,Container,0,0,0,0,2,0,0,0,-1.0,0,0
dubbo-compatible,com.alibaba.dubbo.container.page,MenuComparator,1,0,1,1,18,4,0,0,0.0,0,1
dubbo-compatible,com.alibaba.dubbo.container.page,Page,4,0,9,8,43,9,0,0,0.0,2,1
dubbo-compatible,com.alibaba.dubbo.container.page,PageHandler,0,0,1,0,11,1,0,0,-1.0,3,1
dubbo-compatible,com.alibaba.dubbo.container.page,PageServlet,6,0,7,3,211,33,0,0,0.0,2,5
dubbo-compatible,com.alibaba.dubbo.container.page,ResourceFilter,3,0,6,3,107,24,0,0,0.3333333333333333,0,1
dubbo-compatible,com.alibaba.dubbo.container.page.pages,HomePageHandler,0,0,1,1,17,2,0,0,-1.0,0,3
dubbo-compatible,com.alibaba.dubbo.container.page.pages,LogPageHandler,2,0,2,2,61,8,0,0,0.0,0,1
dubbo-compatible,com.alibaba.dubbo.container.page.pages,StatusPageHandler,0,0,3,1,49,9,0,0,-1.0,0,3
dubbo-compatible,com.alibaba.dubbo.container.page.pages,SystemPageHandler,4,0,2,1,91,11,0,0,0.0,1,2
dubbo-compatible,com.alibaba.dubbo.monitor,Monitor,0,0,5,0,11,5,0,0,-1.0,0,1
dubbo-compatible,com.alibaba.dubbo.monitor,MonitorFactory,0,0,2,0,6,2,0,0,-1.0,0,1
dubbo-compatible,com.alibaba.dubbo.qos.command,BaseCommand,0,0,2,0,6,2,0,0,-1.0,0,1
dubbo-compatible,com.alibaba.dubbo.qos.command,CommandContext,0,0,3,3,13,3,0,0,-1.0,1,0
dubbo-compatible,com.alibaba.dubbo.registry,NotifyListener,2,0,5,4,25,7,1,0,-1.0,5,1
dubbo-compatible,com.alibaba.dubbo.registry,CompatibleNotifyListener,1,0,2,2,11,3,0,1,0.0,0,0
dubbo-compatible,com.alibaba.dubbo.registry,ReverseCompatibleNotifyListener,1,0,2,2,11,3,0,0,0.0,0,1
dubbo-compatible,com.alibaba.dubbo.registry,Registry,0,0,11,0,23,11,0,0,-1.0,0,2
dubbo-compatible,com.alibaba.dubbo.registry,RegistryFactory,0,0,2,0,6,2,0,0,-1.0,0,1
dubbo-compatible,com.alibaba.dubbo.registry.support,AbstractRegistry,1,0,22,19,80,22,0,0,0.45454545454545453,0,3
dubbo-compatible,com.alibaba.dubbo.registry.support,CompatibleAbstractRegistry,0,0,4,4,14,4,0,0,-1.0,1,0
dubbo-compatible,com.alibaba.dubbo.registry.support,AbstractRegistryFactory,0,0,3,1,12,3,0,0,-1.0,0,1
dubbo-compatible,com.alibaba.dubbo.registry.support,FailbackRegistry,2,0,33,30,103,33,0,0,0.18181818181818182,2,4
dubbo-compatible,com.alibaba.dubbo.registry.support,CompatibleFailbackRegistry,1,0,9,9,31,9,0,0,0.5555555555555556,1,1
dubbo-compatible,com.alibaba.dubbo.remoting,Channel,0,0,2,0,4,2,0,0,-1.0,4,0
dubbo-compatible,com.alibaba.dubbo.remoting,ChannelHandler,0,0,10,0,17,10,0,0,-1.0,2,1
dubbo-compatible,com.alibaba.dubbo.remoting,Codec,0,0,0,0,2,0,0,0,-1.0,0,0
dubbo-compatible,com.alibaba.dubbo.remoting,Codec2,0,0,0,0,2,0,0,0,-1.0,0,0
dubbo-compatible,com.alibaba.dubbo.remoting,Dispatcher,0,0,2,0,6,2,0,0,-1.0,0,2
dubbo-compatible,com.alibaba.dubbo.remoting,RemotingException,0,0,7,7,23,7,0,0,-1.0,0,1
dubbo-compatible,com.alibaba.dubbo.remoting,Server,0,0,0,0,2,0,0,0,-1.0,0,0
dubbo-compatible,com.alibaba.dubbo.remoting,Transporter,0,0,7,5,48,7,0,0,-1.0,0,4
dubbo-compatible,com.alibaba.dubbo.remoting.exchange,Exchanger,0,0,0,0,2,0,0,0,-1.0,0,0
dubbo-compatible,com.alibaba.dubbo.remoting.exchange,ResponseCallback,0,0,2,0,15,2,0,0,-1.0,2,0
dubbo-compatible,com.alibaba.dubbo.remoting.exchange,ResponseFuture,0,0,4,0,26,4,0,0,-1.0,1,1
dubbo-compatible,com.alibaba.dubbo.remoting.http,HttpBinder,0,0,0,0,2,0,0,0,-1.0,0,0
dubbo-compatible,com.alibaba.dubbo.remoting.telnet,TelnetHandler,0,0,2,0,6,2,0,0,-1.0,0,1
dubbo-compatible,com.alibaba.dubbo.remoting.zookeeper,ZookeeperTransporter,0,0,0,0,2,0,0,0,-1.0,0,0
dubbo-compatible,com.alibaba.dubbo.rpc.cluster,Cluster,0,0,2,0,6,2,0,0,-1.0,0,1
dubbo-compatible,com.alibaba.dubbo.rpc.cluster,Configurator,0,0,3,0,16,3,0,0,-1.0,0,1
dubbo-compatible,com.alibaba.dubbo.rpc.cluster,ConfiguratorFactory,0,0,2,0,6,2,0,0,-1.0,0,1
dubbo-compatible,com.alibaba.dubbo.rpc.cluster,Directory,0,0,3,0,8,3,0,0,-1.0,1,1
dubbo-compatible,com.alibaba.dubbo.rpc.cluster,LoadBalance,0,0,2,0,8,2,0,0,-1.0,0,3
dubbo-compatible,com.alibaba.dubbo.rpc.cluster,Merger,0,0,0,0,2,0,0,0,-1.0,0,0
dubbo-compatible,com.alibaba.dubbo.rpc.cluster,Router,0,0,8,0,25,9,0,0,-1.0,3,4
dubbo-compatible,com.alibaba.dubbo.rpc.cluster,RouterFactory,0,0,2,0,6,2,0,0,-1.0,0,1
dubbo-compatible,com.alibaba.dubbo.rpc.cluster,RuleConverter,0,0,2,0,6,2,0,0,-1.0,0,1
dubbo-compatible,com.alibaba.dubbo.rpc.cluster.loadbalance,AbstractLoadBalance,0,0,4,1,26,9,0,0,-1.0,1,5
dubbo-compatible,com.alibaba.dubbo.rpc,Exporter,1,0,8,5,25,8,1,0,-1.0,0,1
dubbo-compatible,com.alibaba.dubbo.rpc,CompatibleExporter,1,0,5,5,18,5,0,1,0.0,0,1
dubbo-compatible,com.alibaba.dubbo.rpc,Filter,0,0,2,0,18,4,0,0,-1.0,1,3
dubbo-compatible,com.alibaba.dubbo.rpc,Invocation,1,0,40,19,120,40,2,0,-1.0,18,1
dubbo-compatible,com.alibaba.dubbo.rpc,CompatibleInvocation,1,0,19,19,60,19,0,1,0.10526315789473684,0,1
dubbo-compatible,com.alibaba.dubbo.rpc,Invoker,1,0,14,10,62,18,1,0,-1.0,15,2
dubbo-compatible,com.alibaba.dubbo.rpc,CompatibleInvoker,1,0,10,10,52,14,0,1,0.0,0,2
dubbo-compatible,com.alibaba.dubbo.rpc,InvokerListener,0,0,4,0,10,4,0,0,-1.0,0,1
dubbo-compatible,com.alibaba.dubbo.rpc,Protocol,0,0,5,0,13,5,0,0,-1.0,0,2
dubbo-compatible,com.alibaba.dubbo.rpc,ProxyFactory,0,0,6,0,14,6,0,0,-1.0,0,2
dubbo-compatible,com.alibaba.dubbo.rpc,Result,1,0,28,20,89,28,2,0,-1.0,4,0
dubbo-compatible,com.alibaba.dubbo.rpc,CompatibleResult,1,0,20,20,63,20,0,1,0.0,0,0
dubbo-compatible,com.alibaba.dubbo.rpc,RpcContext,1,0,66,66,310,74,0,0,0.22727272727272727,2,5
dubbo-compatible,com.alibaba.dubbo.rpc,RpcException,0,0,9,9,29,9,0,0,-1.0,0,0
dubbo-compatible,com.alibaba.dubbo.rpc,RpcInvocation,6,0,28,28,146,45,0,1,0.17857142857142858,0,4
dubbo-compatible,com.alibaba.dubbo.rpc,RpcResult,0,0,3,3,10,3,0,1,-1.0,1,0
dubbo-compatible,com.alibaba.dubbo.rpc.protocol.dubbo,FutureAdapter,1,0,16,15,102,22,0,0,0.25,0,2
dubbo-compatible,com.alibaba.dubbo.rpc.protocol.rest.support,ContentType,0,0,0,0,2,0,0,0,-1.0,0,0
dubbo-compatible,com.alibaba.dubbo.rpc.service,EchoService,0,0,0,0,2,0,0,0,-1.0,0,0
dubbo-compatible,com.alibaba.dubbo.rpc.service,GenericException,1,0,5,5,17,5,0,0,1.0,0,0
dubbo-compatible,com.alibaba.dubbo.rpc.service,GenericService,0,0,1,0,3,1,0,0,-1.0,0,0
dubbo-compatible,com.alibaba.dubbo.rpc.support,RpcUtils,0,0,10,10,40,10,0,0,-1.0,0,2
dubbo-compatible,com.alibaba.dubbo.validation,Validation,0,0,0,0,2,0,0,0,-1.0,0,0
dubbo-compatible,com.alibaba.dubbo.validation,Validator,0,0,0,0,2,0,0,0,-1.0,0,0
dubbo-compatible,org.apache.dubbo.cache,CacheTest,0,0,15,14,58,15,0,0,-1.0,0,4
dubbo-compatible,org.apache.dubbo.cache,NullInvocation,0,0,14,14,43,14,0,0,-1.0,0,0
dubbo-compatible,org.apache.dubbo.cache,MyCache,1,0,3,3,11,3,0,0,0.6666666666666666,0,1
dubbo-compatible,org.apache.dubbo.cache,MyCacheFactory,0,0,1,0,5,1,0,0,-1.0,0,1
dubbo-compatible,org.apache.dubbo.common.extension.activate,ActivateExt1,0,0,1,0,3,1,0,0,-1.0,0,0
dubbo-compatible,org.apache.dubbo.common.extension.activate.impl,ActivateExt1Impl1,0,0,1,1,5,1,0,0,-1.0,0,0
dubbo-compatible,org.apache.dubbo.common.extension.activate.impl,OldActivateExt1Impl2,0,0,1,1,5,1,0,0,-1.0,0,0
dubbo-compatible,org.apache.dubbo.common.extension.activate.impl,OldActivateExt1Impl3,0,0,1,1,5,1,0,0,-1.0,0,0
dubbo-compatible,org.apache.dubbo.common.extension,ExtensionTest,0,0,3,0,27,3,0,0,-1.0,0,0
dubbo-compatible,org.apache.dubbo.common.extension,MockDispatcher,0,0,1,1,5,1,0,0,-1.0,0,0
dubbo-compatible,org.apache.dubbo.common.extension,MyExtensionFactory,1,0,2,2,14,3,0,0,0.0,0,0
dubbo-compatible,org.apache.dubbo.common.extension,InjectObject,1,0,1,1,6,1,0,0,0.0,0,0
dubbo-compatible,org.apache.dubbo.common.extension.support,ActivateComparatorTest,1,0,2,1,25,2,0,0,0.0,0,5
dubbo-compatible,org.apache.dubbo.common.extension.support,Filter0,0,0,0,0,2,0,5,0,-1.0,0,0
dubbo-compatible,org.apache.dubbo.common.extension.support,Filter1,0,0,0,0,2,0,0,1,-1.0,1,0
dubbo-compatible,org.apache.dubbo.common.extension.support,Filter2,0,0,0,0,2,0,0,1,-1.0,1,0
dubbo-compatible,org.apache.dubbo.common.extension.support,Filter3,0,0,0,0,2,0,0,1,-1.0,1,0
dubbo-compatible,org.apache.dubbo.common.extension.support,Filter4,0,0,0,0,2,0,0,1,-1.0,1,0
dubbo-compatible,org.apache.dubbo.common.extension.support,OldFilter0,0,0,0,0,2,0,1,1,-1.0,0,0
dubbo-compatible,org.apache.dubbo.common.extension.support,OldFilter5,0,0,0,0,2,0,0,2,-1.0,1,0
dubbo-compatible,org.apache.dubbo.common.extension.support,Order0Filter0,0,0,0,0,2,0,2,0,-1.0,0,0
dubbo-compatible,org.apache.dubbo.common.extension.support,Order0Filter1,0,0,0,0,2,0,0,1,-1.0,0,0
dubbo-compatible,org.apache.dubbo.common.extension.support,Order0Filter2,0,0,0,0,2,0,0,1,-1.0,0,0
dubbo-compatible,org.apache.dubbo.common.utils,AnnotationUtilsTest,0,0,19,2,210,23,0,0,-1.0,0,3
dubbo-compatible,org.apache.dubbo.common.utils,A,0,0,1,1,4,1,1,0,-1.0,1,0
dubbo-compatible,org.apache.dubbo.common.utils,B,0,0,1,1,4,1,1,1,-1.0,1,0
dubbo-compatible,org.apache.dubbo.common.utils,C,0,0,0,0,2,0,0,2,-1.0,1,0
dubbo-compatible,org.apache.dubbo.config,ApplicationConfigTest,0,0,16,0,115,16,0,0,-1.0,0,2
dubbo-compatible,org.apache.dubbo.config,ArgumentConfigTest,0,0,4,0,27,4,0,0,-1.0,0,1
dubbo-compatible,org.apache.dubbo.config,ConfigTest,2,0,3,2,26,3,0,0,1.0,0,5
dubbo-compatible,org.apache.dubbo.config,ConsumerConfigTest,0,0,3,0,24,3,0,0,-1.0,0,1
dubbo-compatible,org.apache.dubbo.config,MethodConfigTest,0,0,16,0,132,16,0,0,-1.0,0,3
dubbo-compatible,org.apache.dubbo.config,ModuleConfigTest,0,0,8,0,55,8,0,0,-1.0,0,2
dubbo-compatible,org.apache.dubbo.config,ProtocolConfigTest,0,0,15,0,94,15,0,0,-1.0,0,1
dubbo-compatible,org.apache.dubbo.config,ProviderConfigTest,0,0,19,0,116,19,0,0,-1.0,0,1
dubbo-compatible,org.apache.dubbo.config,ReferenceConfigTest,3,0,3,2,35,3,0,0,1.0,0,6
dubbo-compatible,org.apache.dubbo.config,RegistryConfigTest,0,0,19,0,104,19,0,0,-1.0,0,1
dubbo-compatible,org.apache.dubbo.config,SignatureTest,0,0,1,0,10,2,0,0,-1.0,0,0
dubbo-compatible,org.apache.dubbo.config.spring.api,Box,0,0,1,0,3,1,0,0,-1.0,0,0
dubbo-compatible,org.apache.dubbo.config.spring.api,DemoService,0,0,2,0,7,2,0,0,-1.0,10,0
dubbo-compatible,org.apache.dubbo.config.spring.api,HelloService,0,0,1,0,3,1,0,0,-1.0,0,0
dubbo-compatible,org.apache.dubbo.config.spring.beans.factory.annotation,ServiceAnnotationTestConfiguration,0,0,7,7,46,7,0,0,-1.0,0,0
dubbo-compatible,org.apache.dubbo.config.spring.context.annotation.consumer,ConsumerConfiguration,7,0,12,12,63,12,0,0,0.5833333333333334,1,1
dubbo-compatible,org.apache.dubbo.config.spring.context.annotation.consumer,Ancestor,1,0,2,2,9,2,1,0,0.0,0,1
dubbo-compatible,org.apache.dubbo.config.spring.context.annotation.consumer,Parent,1,0,2,2,9,2,1,1,0.0,0,1
dubbo-compatible,org.apache.dubbo.config.spring.context.annotation.consumer,Child,2,0,3,3,13,3,0,2,0.6666666666666666,0,1
dubbo-compatible,org.apache.dubbo.config.spring.context.annotation.consumer.test,TestConsumerConfiguration,7,0,11,11,52,11,0,0,0.6363636363636364,1,1
dubbo-compatible,org.apache.dubbo.config.spring.context.annotation.consumer.test,Ancestor,1,0,2,2,9,2,1,0,0.0,0,1
dubbo-compatible,org.apache.dubbo.config.spring.context.annotation.consumer.test,Parent,1,0,2,2,9,2,1,1,0.0,0,1
dubbo-compatible,org.apache.dubbo.config.spring.context.annotation.consumer.test,Child,1,0,2,2,9,2,0,2,0.0,0,1
dubbo-compatible,org.apache.dubbo.config.spring.context.annotation,DubboComponentScanRegistrarTest,0,0,3,2,44,3,0,0,-1.0,0,4
dubbo-compatible,org.apache.dubbo.config.spring.context.annotation,DubboConfigConfigurationTest,1,0,4,2,37,4,0,0,0.0,0,0
dubbo-compatible,org.apache.dubbo.config.spring.context.annotation,EnableDubboConfigTest,0,0,4,4,53,4,0,0,-1.0,0,2
dubbo-compatible,org.apache.dubbo.config.spring.context.annotation,TestMultipleConfig,0,0,0,0,2,0,0,0,-1.0,1,0
dubbo-compatible,org.apache.dubbo.config.spring.context.annotation,TestConfig,0,0,0,0,2,0,0,0,-1.0,1,0
dubbo-compatible,org.apache.dubbo.config.spring.context.annotation,EnableDubboTest,1,0,7,6,56,7,0,0,0.7142857142857143,0,3
dubbo-compatible,org.apache.dubbo.config.spring.context.annotation,TestProviderConfiguration,0,0,4,4,14,4,0,0,-1.0,1,0
dubbo-compatible,org.apache.dubbo.config.spring.context.annotation.provider,DefaultHelloService,0,0,1,1,8,1,0,0,-1.0,0,0
dubbo-compatible,org.apache.dubbo.config.spring.context.annotation.provider,DemoServiceImpl,0,0,2,2,12,2,0,0,-1.0,1,0
dubbo-compatible,org.apache.dubbo.config.spring.context.annotation.provider,HelloServiceImpl,0,0,1,1,9,1,0,0,-1.0,0,0
dubbo-compatible,org.apache.dubbo.config.spring.context.annotation.provider,ProviderConfiguration,1,0,8,4,50,8,0,0,0.5,1,0
dubbo-compatible,org.apache.dubbo.config.spring.filter,MockDao,0,0,0,0,5,0,1,0,-1.0,1,0
dubbo-compatible,org.apache.dubbo.config.spring.filter,MockDaoImpl,0,0,0,0,5,0,0,1,-1.0,0,0
dubbo-compatible,org.apache.dubbo.config.spring.filter,MockFilter,3,0,7,7,29,7,0,0,0.5714285714285714,0,1
dubbo-compatible,org.apache.dubbo.echo,EchoServiceTest,0,0,1,0,18,1,0,0,-1.0,0,1
dubbo-compatible,org.apache.dubbo.filter,FilterTest,1,0,4,1,29,4,0,0,0.5,0,4
dubbo-compatible,org.apache.dubbo.filter,LegacyInvocation,1,0,15,15,57,15,0,0,0.8,0,0
dubbo-compatible,org.apache.dubbo.filter,LegacyInvoker,3,0,7,7,35,8,0,0,0.42857142857142855,0,3
dubbo-compatible,org.apache.dubbo.filter,MyFilter,1,1,1,1,14,3,0,0,0.0,1,3
dubbo-compatible,org.apache.dubbo.generic,GenericServiceTest,0,0,11,1,187,18,0,0,-1.0,0,3
dubbo-compatible,org.apache.dubbo.metadata.annotation.processing,AbstractAnnotationProcessingTest,4,0,5,2,21,5,0,0,0.8,2,0
dubbo-compatible,org.apache.dubbo.metadata.annotation.processing,AnnotationProcessingTestProcessor,4,0,4,3,33,5,0,0,0.5,0,1
dubbo-compatible,org.apache.dubbo.metadata.annotation.processing,CompilerInvocationInterceptor,0,0,1,1,11,1,0,0,-1.0,0,2
dubbo-compatible,org.apache.dubbo.metadata.annotation.processing.builder,ArrayTypeDefinitionBuilderTest,7,0,5,0,56,5,0,0,0.4,0,1
dubbo-compatible,org.apache.dubbo.metadata.annotation.processing.builder,CollectionTypeDefinitionBuilderTest,6,0,4,0,43,4,0,0,0.5,0,1
dubbo-compatible,org.apache.dubbo.metadata.annotation.processing.builder,EnumTypeDefinitionBuilderTest,1,0,4,0,24,4,0,0,0.75,0,0
dubbo-compatible,org.apache.dubbo.metadata.annotation.processing.builder,GeneralTypeDefinitionBuilderTest,1,0,4,0,23,4,0,0,0.75,0,5
dubbo-compatible,org.apache.dubbo.metadata.annotation.processing.builder,MapTypeDefinitionBuilderTest,6,0,5,0,55,5,0,0,0.4,0,1
dubbo-compatible,org.apache.dubbo.metadata.annotation.processing.builder,PrimitiveTypeDefinitionBuilderTest,9,0,6,0,70,6,0,0,0.3333333333333333,1,2
dubbo-compatible,org.apache.dubbo.metadata.annotation.processing.builder,ServiceDefinitionBuilderTest,0,0,4,0,30,7,0,0,-1.0,1,2
dubbo-compatible,org.apache.dubbo.metadata.annotation.processing.builder,SimpleTypeDefinitionBuilderTest,15,0,4,0,86,4,0,0,0.5,0,1
dubbo-compatible,org.apache.dubbo.metadata.annotation.processing.model,ArrayTypeModel,5,0,0,0,11,0,0,0,-1.0,3,2
dubbo-compatible,org.apache.dubbo.metadata.annotation.processing.model,CollectionTypeModel,5,0,0,0,11,0,0,0,-1.0,2,0
dubbo-compatible,org.apache.dubbo.metadata.annotation.processing.model,MapTypeModel,5,0,0,0,11,0,0,0,-1.0,1,0
dubbo-compatible,org.apache.dubbo.metadata.annotation.processing.model,Model,6,0,12,12,47,12,0,0,0.5,8,0
dubbo-compatible,org.apache.dubbo.metadata.annotation.processing.model,PrimitiveTypeModel,8,0,8,8,38,8,0,0,1.0,4,0
dubbo-compatible,org.apache.dubbo.metadata.annotation.processing.model,SimpleTypeModel,14,0,26,26,98,26,0,0,0.5,2,0
dubbo-compatible,org.apache.dubbo.metadata.annotation.processing.rest,AnnotatedMethodParameterProcessorTest,2,0,5,1,22,5,0,0,0.0,0,0
dubbo-compatible,org.apache.dubbo.metadata.annotation.processing.util,AnnotationUtilsTest,1,0,10,0,125,10,0,0,0.4,0,3
dubbo-compatible,org.apache.dubbo.metadata.annotation.processing.util,FieldUtilsTest,1,0,16,0,150,16,0,0,0.5,0,2
dubbo-compatible,org.apache.dubbo.metadata.annotation.processing.util,LoggerUtilsTest,0,0,3,0,19,3,0,0,-1.0,0,0
dubbo-compatible,org.apache.dubbo.metadata.annotation.processing.util,MemberUtilsTest,1,0,6,0,54,6,0,0,0.5,0,2
dubbo-compatible,org.apache.dubbo.metadata.annotation.processing.util,MethodUtilsTest,1,0,13,0,98,13,0,0,0.3076923076923077,0,3
dubbo-compatible,org.apache.dubbo.metadata.annotation.processing.util,ServiceAnnotationUtilsTest,0,0,8,0,59,8,0,0,-1.0,0,4
dubbo-compatible,org.apache.dubbo.metadata.annotation.processing.util,TypeUtilsTest,1,0,25,1,290,25,0,0,0.52,0,6
dubbo-compatible,org.apache.dubbo.metadata.rest,DefaultRestService,0,0,8,8,30,8,0,1,-1.0,1,1
dubbo-compatible,org.apache.dubbo.metadata.rest,RestService,0,0,7,0,13,7,3,0,-1.0,4,1
dubbo-compatible,org.apache.dubbo.metadata.rest,SpringRestService,0,0,7,7,35,7,0,1,-1.0,4,1
dubbo-compatible,org.apache.dubbo.metadata.rest,StandardRestService,0,0,7,7,36,7,0,1,-1.0,3,1
dubbo-compatible,org.apache.dubbo.metadata.rest,User,3,0,7,7,30,7,0,0,0.0,8,0
dubbo-compatible,org.apache.dubbo.metadata.tools,Ancestor,1,0,2,2,12,2,1,0,0.0,0,0
dubbo-compatible,org.apache.dubbo.metadata.tools,Compiler,4,0,12,6,69,15,0,0,0.16666666666666666,7,1
dubbo-compatible,org.apache.dubbo.metadata.tools,CompilerTest,0,0,1,0,9,1,0,0,-1.0,0,4
dubbo-compatible,org.apache.dubbo.metadata.tools,DefaultRestServiceTest,0,0,1,0,10,1,0,0,-1.0,0,6
dubbo-compatible,org.apache.dubbo.metadata.tools,DefaultTestService,1,0,5,5,22,5,1,1,1.0,3,1
dubbo-compatible,org.apache.dubbo.metadata.tools,GenericTestService,0,0,1,1,9,1,1,2,-1.0,3,0
dubbo-compatible,org.apache.dubbo.metadata.tools,Parent,4,0,8,8,33,8,0,1,0.5,0,0
dubbo-compatible,org.apache.dubbo.metadata.tools,RestServiceTest,0,0,1,0,10,1,0,0,-1.0,0,5
dubbo-compatible,org.apache.dubbo.metadata.tools,SpringRestServiceTest,0,0,1,0,10,1,0,0,-1.0,0,4
dubbo-compatible,org.apache.dubbo.metadata.tools,StandardRestServiceTest,0,0,1,0,10,1,0,0,-1.0,0,4
dubbo-compatible,org.apache.dubbo.metadata.tools,TestProcessor,0,0,3,3,15,3,0,0,-1.0,0,0
dubbo-compatible,org.apache.dubbo.metadata.tools,TestService,0,0,5,0,11,5,3,0,-1.0,3,1
dubbo-compatible,org.apache.dubbo.metadata.tools,TestServiceImpl,0,0,2,2,11,2,0,3,-1.0,8,0
dubbo-compatible,org.apache.dubbo.rpc.cluster,CompatibleRouter,0,0,3,3,13,3,0,0,-1.0,1,3
dubbo-compatible,org.apache.dubbo.rpc.cluster,CompatibleRouter2,0,0,3,3,13,3,0,0,-1.0,1,3
dubbo-compatible,org.apache.dubbo.rpc.cluster,NewRouter,0,0,5,5,19,5,0,0,-1.0,1,0
dubbo-compatible,org.apache.dubbo.rpc.cluster,RouterTest,1,0,2,1,22,2,0,0,0.0,0,3
dubbo-compatible,org.apache.dubbo.rpc.filter,GenericImplFilterTest,1,0,1,0,16,1,0,0,0.0,0,1
dubbo-compatible,org.apache.dubbo.rpc,RpcContextTest,0,0,2,0,14,2,0,0,-1.0,0,1
dubbo-compatible,org.apache.dubbo.rpc.support,DemoService,0,0,18,0,20,18,0,0,-1.0,1,1
dubbo-compatible,org.apache.dubbo.rpc.support,Person,3,0,6,6,26,6,0,0,0.3333333333333333,1,0
dubbo-compatible,org.apache.dubbo.serialization,MyObjectInput,1,0,13,13,42,13,0,0,0.9230769230769231,1,0
dubbo-compatible,org.apache.dubbo.serialization,MyObjectOutput,1,0,13,13,33,13,0,0,0.8461538461538461,1,0
dubbo-compatible,org.apache.dubbo.serialization,MySerialization,0,0,4,4,14,4,0,0,-1.0,1,1
dubbo-compatible,org.apache.dubbo.serialization,SerializationTest,5,0,7,1,40,7,0,0,0.0,0,3
dubbo-compatible,org.apache.dubbo.service,ComplexObject,13,0,40,40,182,48,0,0,0.275,4,4
dubbo-compatible,org.apache.dubbo.service,InnerObject,2,0,7,7,28,9,0,0,0.0,2,1
dubbo-compatible,org.apache.dubbo.service,InnerObject2,2,0,7,7,28,9,0,0,0.0,2,1
dubbo-compatible,org.apache.dubbo.service,InnerObject3,1,0,5,5,21,7,0,0,0.0,2,1
dubbo-compatible,org.apache.dubbo.service,CustomArgument,2,0,6,6,23,6,0,0,0.3333333333333333,2,0
dubbo-compatible,org.apache.dubbo.service,DemoService,0,0,12,0,14,12,1,0,-1.0,4,2
dubbo-compatible,org.apache.dubbo.service,DemoServiceImpl,0,0,15,15,54,18,0,1,-1.0,0,3
dubbo-compatible,org.apache.dubbo.service,MockInvocation,2,0,29,29,103,30,0,0,0.4827586206896552,0,0
dubbo-compatible,org.apache.dubbo.service,Person,3,0,4,4,20,4,0,0,0.5,2,0
