Project Name,Package Name,Type Name,MethodName,LOC,CC,PC 
Intra,app.intra.ui.settings,AppInfoTest,compareToEqual,6,1,0
Intra,app.intra.ui.settings,AppInfoTest,compareToUnequal,12,1,0
Intra,app.intra.ui.settings,AppInfoTest,verifyParcelSerializationRoundtrip,12,1,1
Intra,app.intra.ui.settings,AppInfoTest,writeToParcel,4,1,0
Intra,app.intra.ui.settings,AppInfo,AppInfo,4,1,2
Intra,app.intra.ui.settings,AppInfo,compareTo,15,5,1
Intra,app.intra.ui.settings,AppInfo,describeContents,3,1,0
Intra,app.intra.ui.settings,AppInfo,writeToParcel,3,1,2
Intra,app.intra.ui.settings,AppInfo,createFromParcel,7,2,1
Intra,app.intra.ui.settings,AppInfo,newArray,3,1,1
Intra,app.intra.ui.settings,ServerApprovalDialogFragment,ServerApprovalDialogFragment,3,1,0
Intra,app.intra.ui.settings,ServerApprovalDialogFragment,ServerApprovalDialogFragment,4,1,1
Intra,app.intra.ui.settings,ServerApprovalDialogFragment,ServerApprovalDialogFragment,5,1,2
Intra,app.intra.ui.settings,ServerApprovalDialogFragment,getArgs,7,2,0
Intra,app.intra.ui.settings,ServerApprovalDialogFragment,setIndex,5,1,1
Intra,app.intra.ui.settings,ServerApprovalDialogFragment,getIndex,3,1,0
Intra,app.intra.ui.settings,ServerApprovalDialogFragment,setShowWebsite,5,1,1
Intra,app.intra.ui.settings,ServerApprovalDialogFragment,getShowWebsite,3,1,0
Intra,app.intra.ui.settings,ServerApprovalDialogFragment,makeWebView,9,1,1
Intra,app.intra.ui.settings,ServerApprovalDialogFragment,makeNoticeText,12,2,0
Intra,app.intra.ui.settings,ServerApprovalDialogFragment,getHostForAnalytics,5,1,0
Intra,app.intra.ui.settings,ServerApprovalDialogFragment,onCreateDialog,23,2,1
Intra,app.intra.ui.settings,ServerApprovalDialogFragment,onCancel,3,1,1
Intra,app.intra.ui.settings,ServerChooser,ServerChooser,4,1,1
Intra,app.intra.ui.settings,ServerChooser,ServerChooser,4,1,2
Intra,app.intra.ui.settings,ServerChooser,ServerChooser,4,1,3
Intra,app.intra.ui.settings,ServerChooser,ServerChooser,4,1,4
Intra,app.intra.ui.settings,ServerChooser,initialize,7,1,1
Intra,app.intra.ui.settings,ServerChooser,onSetInitialValue,4,1,1
Intra,app.intra.ui.settings,ServerChooser,onGetDefaultValue,3,1,2
Intra,app.intra.ui.settings,ServerChooser,getUrl,3,1,0
Intra,app.intra.ui.settings,ServerChooser,setUrl,5,1,1
Intra,app.intra.ui.settings,ServerChooser,updateSummary,16,2,1
Intra,app.intra.ui.settings,ServerChooserFragment,newInstance,7,1,1
Intra,app.intra.ui.settings,ServerChooserFragment,getUrl,7,2,0
Intra,app.intra.ui.settings,ServerChooserFragment,updateUI,14,2,0
Intra,app.intra.ui.settings,ServerChooserFragment,onCheckedChanged,3,1,2
Intra,app.intra.ui.settings,ServerChooserFragment,beforeTextChanged,2,1,4
Intra,app.intra.ui.settings,ServerChooserFragment,onTextChanged,2,1,4
Intra,app.intra.ui.settings,ServerChooserFragment,afterTextChanged,3,1,1
Intra,app.intra.ui.settings,ServerChooserFragment,checkUrl,9,1,1
Intra,app.intra.ui.settings,ServerChooserFragment,onEditorAction,12,3,3
Intra,app.intra.ui.settings,ServerChooserFragment,onItemSelected,3,1,4
Intra,app.intra.ui.settings,ServerChooserFragment,onBuiltinServerSelected,14,2,1
Intra,app.intra.ui.settings,ServerChooserFragment,onNothingSelected,3,1,1
Intra,app.intra.ui.settings,ServerChooserFragment,onBindDialogView,31,2,1
Intra,app.intra.ui.settings,ServerChooserFragment,onDialogClosed,9,2,1
Intra,app.intra.ui.settings,ServerChooserFragment,onViewStateRestored,4,1,1
Intra,app.intra.ui.settings,ServerChooserFragment,setValid,7,2,1
Intra,app.intra.ui.settings,SettingsFragment,doInBackground,16,4,1
Intra,app.intra.ui.settings,SettingsFragment,onSaveInstanceState,6,2,1
Intra,app.intra.ui.settings,SettingsFragment,onCreatePreferences,11,3,2
Intra,app.intra.ui.settings,SettingsFragment,onDisplayPreferenceDialog,22,4,1
Intra,app.intra.ui.settings,SettingsFragment,collectInstalledApps,4,1,1
Intra,app.intra.ui.settings,SettingsFragment,getAppList,16,3,0
Intra,app.intra.ui.settings,AppEnumerationTask,doInBackground,16,4,1
Intra,app.intra.ui.settings,Untemplate,strip,3,1,1
Intra,app.intra.ui.settings,UntemplateTest,assertUnmodified,3,1,1
Intra,app.intra.ui.settings,UntemplateTest,testUnmodified,4,1,0
Intra,app.intra.ui.settings,UntemplateTest,testTemplateBasic,4,1,0
Intra,app.intra.ui.settings,UntemplateTest,testTemplateWeird,3,1,0
Intra,app.intra.net.dns,DnsPacket,readName,29,4,1
Intra,app.intra.net.dns,DnsPacket,readRecords,14,2,2
Intra,app.intra.net.dns,DnsPacket,getBit,3,1,2
Intra,app.intra.net.dns,DnsPacket,getBits,4,1,3
Intra,app.intra.net.dns,DnsPacket,DnsPacket,47,2,1
Intra,app.intra.net.dns,DnsPacket,getId,3,1,0
Intra,app.intra.net.dns,DnsPacket,isNormalQuery,3,1,0
Intra,app.intra.net.dns,DnsPacket,isResponse,3,1,0
Intra,app.intra.net.dns,DnsPacket,getQueryName,6,2,0
Intra,app.intra.net.dns,DnsPacket,getQueryType,6,2,0
Intra,app.intra.net.dns,DnsPacket,getResponseAddresses,15,4,0
Intra,app.intra.net.dns,DnsPacketTest,testQuery,10,1,0
Intra,app.intra.net.dns,DnsPacketTest,testResponse,11,1,0
Intra,app.intra.net.dns,DnsPacketTest,testNXDOMAIN,10,1,0
Intra,app.intra.net.dns,DnsPacketTest,testEmpty,9,1,0
Intra,app.intra.net.dns,DnsPacketTest,testTruncated,12,2,0
Intra,app.intra.net.dns,DnsPacketTest,testCompression,10,1,0
Intra,app.intra.net.dns,DnsPacketTest,testInfiniteLoop,10,1,0
Intra,app.intra.net.doh,Prober,onCompleted,0,1,1
Intra,app.intra.net.doh,Prober,probe,0,1,2
Intra,app.intra.net.doh,Callback,onCompleted,0,1,1
Intra,app.intra.net.doh,Race,onResult,0,1,1
Intra,app.intra.net.doh,Race,start,4,1,3
Intra,app.intra.net.doh,Race,start,6,2,3
Intra,app.intra.net.doh,Race,Collector,4,1,2
Intra,app.intra.net.doh,Race,onCompleted,14,4,2
Intra,app.intra.net.doh,Race,Callback,4,1,2
Intra,app.intra.net.doh,Race,onCompleted,3,1,1
Intra,app.intra.net.doh,Listener,onResult,0,1,1
Intra,app.intra.net.doh,Collector,Collector,4,1,2
Intra,app.intra.net.doh,Collector,onCompleted,14,4,2
Intra,app.intra.net.doh,Callback,Callback,4,1,2
Intra,app.intra.net.doh,Callback,onCompleted,3,1,1
Intra,app.intra.net.doh,Transaction,Transaction,5,1,2
Intra,app.intra.net.doh,RaceTest,probe,3,1,2
Intra,app.intra.net.doh,RaceTest,Success,15,2,0
Intra,app.intra.net.doh,RaceTest,probe,3,1,2
Intra,app.intra.net.doh,RaceTest,AllFail,14,2,0
Intra,app.intra.net.doh,RaceTest,probe,5,1,2
Intra,app.intra.net.doh,RaceTest,HalfFail,16,2,0
Intra,app.intra.net.doh,SuccessProber,probe,3,1,2
Intra,app.intra.net.doh,FailProber,probe,3,1,2
Intra,app.intra.net.doh,HalfProber,probe,5,1,2
Intra,app.intra.net.go,GoIntraListener,GoIntraListener,4,1,1
Intra,app.intra.net.go,GoIntraListener,onTCPSocketClosed,11,3,1
Intra,app.intra.net.go,GoIntraListener,onUDPSocketClosed,7,2,1
Intra,app.intra.net.go,GoIntraListener,Metric,3,1,1
Intra,app.intra.net.go,GoIntraListener,onQuery,5,1,1
Intra,app.intra.net.go,GoIntraListener,len,3,1,1
Intra,app.intra.net.go,GoIntraListener,onResponse,26,2,2
Intra,app.intra.net.go,Metric,Metric,3,1,1
Intra,app.intra.net.go,GoProber,GoProber,3,1,1
Intra,app.intra.net.go,GoProber,probe,23,3,2
Intra,app.intra.net.go,GoVpnAdapter,LanIp,3,1,1
Intra,app.intra.net.go,GoVpnAdapter,make,3,1,1
Intra,app.intra.net.go,GoVpnAdapter,establish,7,2,1
Intra,app.intra.net.go,GoVpnAdapter,GoVpnAdapter,4,1,2
Intra,app.intra.net.go,GoVpnAdapter,start,3,1,0
Intra,app.intra.net.go,GoVpnAdapter,connectTunnel,21,3,0
Intra,app.intra.net.go,GoVpnAdapter,enableChoir,18,3,0
Intra,app.intra.net.go,GoVpnAdapter,establishVpn,16,3,1
Intra,app.intra.net.go,GoVpnAdapter,getProtector,6,2,0
Intra,app.intra.net.go,GoVpnAdapter,close,14,3,0
Intra,app.intra.net.go,GoVpnAdapter,makeDohTransport,17,1,1
Intra,app.intra.net.go,GoVpnAdapter,updateDohUrl,19,3,0
Intra,app.intra.net.go,GoVpnAdapter,getIpString,26,5,2
Intra,app.intra.sys,ActivityReceiver,receive,0,1,1
Intra,app.intra.sys,AutoStarter,onReceive,19,4,2
Intra,app.intra.sys,CountryCode,CountryCode,5,1,1
Intra,app.intra.sys,CountryCode,getDeviceCountry,3,1,0
Intra,app.intra.sys,CountryCode,getNetworkCountry,3,1,0
Intra,app.intra.sys,CountryCode,countryFromSim,22,3,1
Intra,app.intra.sys,IntraTileService,onStartListening,14,3,0
Intra,app.intra.sys,IntraTileService,onClick,16,3,0
Intra,app.intra.sys,IntraTileService,onBind,4,1,1
Intra,app.intra.sys,IntraVpnService,isOn,3,1,0
Intra,app.intra.sys,IntraVpnService,onSharedPreferenceChanged,9,3,2
Intra,app.intra.sys,IntraVpnService,spawnServerUpdate,12,2,0
Intra,app.intra.sys,IntraVpnService,run,3,1,0
Intra,app.intra.sys,IntraVpnService,onStartCommand,35,4,3
Intra,app.intra.sys,IntraVpnService,updateServerConnection,7,2,0
Intra,app.intra.sys,IntraVpnService,startVpn,13,3,0
Intra,app.intra.sys,IntraVpnService,restartVpn,13,2,0
Intra,app.intra.sys,IntraVpnService,onCreate,6,1,0
Intra,app.intra.sys,IntraVpnService,signalStopService,33,4,1
Intra,app.intra.sys,IntraVpnService,makeVpnAdapter,3,1,0
Intra,app.intra.sys,IntraVpnService,startVpnAdapter,15,3,0
Intra,app.intra.sys,IntraVpnService,stopVpnAdapter,9,2,0
Intra,app.intra.sys,IntraVpnService,updateQuickSettingsTile,5,2,0
Intra,app.intra.sys,IntraVpnService,onDestroy,15,3,0
Intra,app.intra.sys,IntraVpnService,onRevoke,5,1,0
Intra,app.intra.sys,IntraVpnService,newBuilder,17,3,0
Intra,app.intra.sys,IntraVpnService,recordTransaction,17,4,1
Intra,app.intra.sys,IntraVpnService,getTracker,3,1,0
Intra,app.intra.sys,IntraVpnService,syncNumRequests,3,1,0
Intra,app.intra.sys,IntraVpnService,setNetworkConnected,7,2,1
Intra,app.intra.sys,IntraVpnService,onNetworkConnected,11,1,1
Intra,app.intra.sys,IntraVpnService,run,4,1,0
Intra,app.intra.sys,IntraVpnService,onNetworkDisconnected,5,1,0
Intra,app.intra.sys,IntraVpnService,getResolvers,10,3,0
Intra,app.intra.sys,NetworkManager,onNetworkConnected,0,1,1
Intra,app.intra.sys,NetworkManager,onNetworkDisconnected,0,1,0
Intra,app.intra.sys,NetworkManager,NetworkManager,18,2,2
Intra,app.intra.sys,NetworkManager,onReceive,3,1,2
Intra,app.intra.sys,NetworkManager,destroy,14,2,0
Intra,app.intra.sys,NetworkManager,connectivityChanged,18,5,1
Intra,app.intra.sys,NetworkManager,isConnectedNetwork,6,2,1
Intra,app.intra.sys,NetworkManager,getSystemResolvers,27,5,0
Intra,app.intra.sys,NetworkListener,onNetworkConnected,0,1,1
Intra,app.intra.sys,NetworkListener,onNetworkDisconnected,0,1,0
Intra,app.intra.sys,PersistentState,getInternalState,3,1,1
Intra,app.intra.sys,PersistentState,getUserPreferences,3,1,1
Intra,app.intra.sys,PersistentState,getVpnEnabled,3,1,1
Intra,app.intra.sys,PersistentState,setVpnEnabled,5,1,2
Intra,app.intra.sys,PersistentState,syncLegacyState,30,7,1
Intra,app.intra.sys,PersistentState,setServerUrl,5,1,2
Intra,app.intra.sys,PersistentState,getServerUrl,7,2,1
Intra,app.intra.sys,PersistentState,extractHost,10,1,1
Intra,app.intra.sys,PersistentState,expandUrl,6,2,2
Intra,app.intra.sys,PersistentState,getServerName,3,1,1
Intra,app.intra.sys,PersistentState,extractHostForAnalytics,8,2,2
Intra,app.intra.sys,PersistentState,getApprovalSettings,3,1,1
Intra,app.intra.sys,PersistentState,getWelcomeApproved,3,1,1
Intra,app.intra.sys,PersistentState,setWelcomeApproved,5,1,2
Intra,app.intra.sys,PersistentState,getExcludedPackages,3,1,1
Intra,app.intra.sys,QueryTracker,QueryTracker,3,1,1
Intra,app.intra.sys,QueryTracker,getNumRequests,3,1,0
Intra,app.intra.sys,QueryTracker,getRecentTransactions,3,1,0
Intra,app.intra.sys,QueryTracker,showActivity,3,1,1
Intra,app.intra.sys,QueryTracker,countQueriesSince,12,3,1
Intra,app.intra.sys,QueryTracker,setHistoryEnabled,6,2,1
Intra,app.intra.sys,QueryTracker,isHistoryEnabled,3,1,0
Intra,app.intra.sys,QueryTracker,recordTransaction,18,6,2
Intra,app.intra.sys,QueryTracker,sync,12,2,1
Intra,app.intra.sys,VpnController,clone,3,1,0
Intra,app.intra.sys,VpnController,getInstance,6,2,0
Intra,app.intra.sys,VpnController,VpnController,2,1,0
Intra,app.intra.sys,VpnController,setIntraVpnService,3,1,1
Intra,app.intra.sys,VpnController,getIntraVpnService,3,1,0
Intra,app.intra.sys,VpnController,onConnectionStateChanged,7,2,2
Intra,app.intra.sys,VpnController,stateChanged,4,1,1
Intra,app.intra.sys,VpnController,getTracker,6,2,1
Intra,app.intra.sys,VpnController,start,14,3,1
Intra,app.intra.sys,VpnController,onStartComplete,8,2,2
Intra,app.intra.sys,VpnController,stop,9,2,1
Intra,app.intra.sys,VpnController,getState,5,1,1
Intra,app.intra.sys,VpnState,VpnState,5,1,3
Intra,app.intra.sys.firebase,AnalyticsWrapper,AnalyticsWrapper,5,1,1
Intra,app.intra.sys.firebase,AnalyticsWrapper,get,6,2,1
Intra,app.intra.sys.firebase,AnalyticsWrapper,onNetworkConnected,3,1,1
Intra,app.intra.sys.firebase,AnalyticsWrapper,onNetworkDisconnected,3,1,0
Intra,app.intra.sys.firebase,AnalyticsWrapper,getNetworkType,14,4,0
Intra,app.intra.sys.firebase,AnalyticsWrapper,log,11,2,2
Intra,app.intra.sys.firebase,AnalyticsWrapper,logBootstrap,3,1,2
Intra,app.intra.sys.firebase,AnalyticsWrapper,logBootstrapFailed,3,1,1
Intra,app.intra.sys.firebase,AnalyticsWrapper,logTCP,3,1,5
Intra,app.intra.sys.firebase,AnalyticsWrapper,logEarlyReset,3,1,5
Intra,app.intra.sys.firebase,AnalyticsWrapper,logStartVPN,3,1,1
Intra,app.intra.sys.firebase,AnalyticsWrapper,logTryAllAccepted,3,1,1
Intra,app.intra.sys.firebase,AnalyticsWrapper,logTryAllCancelled,3,1,1
Intra,app.intra.sys.firebase,AnalyticsWrapper,logTryAllDialog,3,1,1
Intra,app.intra.sys.firebase,AnalyticsWrapper,logTryAllFailed,3,1,0
Intra,app.intra.sys.firebase,AnalyticsWrapper,logTryAllRequested,3,1,0
Intra,app.intra.sys.firebase,AnalyticsWrapper,logUDP,3,1,3
Intra,app.intra.sys.firebase,BundleBuilder,put,4,1,2
Intra,app.intra.sys.firebase,BundleBuilder,put,4,1,2
Intra,app.intra.sys.firebase,BundleBuilder,put,4,1,2
Intra,app.intra.sys.firebase,BundleBuilder,build,3,1,0
Intra,app.intra.sys.firebase,LogWrapper,logException,11,2,1
Intra,app.intra.sys.firebase,LogWrapper,log,11,2,3
Intra,app.intra.sys.firebase,RemoteConfig,update,10,1,0
Intra,app.intra.sys.firebase,RemoteConfig,getExtraIPKey,3,1,1
Intra,app.intra.sys.firebase,RemoteConfig,getExtraIPs,9,1,1
Intra,app.intra.sys.firebase,RemoteConfig,getChoirEnabled,9,1,0
Intra,app.intra.sys.firebase,RemoteConfigTest,getExtraIPKey,10,1,0
Intra,app.intra.ui,CountryMap,CountryMap,3,1,1
Intra,app.intra.ui,CountryMap,read,9,2,1
Intra,app.intra.ui,CountryMap,lessEqual,13,4,3
Intra,app.intra.ui,CountryMap,getCountryCode,22,4,1
Intra,app.intra.ui,HistoryGraph,HistoryGraph,13,1,2
Intra,app.intra.ui,HistoryGraph,setColor,5,1,1
Intra,app.intra.ui,HistoryGraph,gaussian,4,1,3
Intra,app.intra.ui,HistoryGraph,receive,26,6,1
Intra,app.intra.ui,HistoryGraph,updateCurve,4,1,0
Intra,app.intra.ui,HistoryGraph,updateMax,10,3,0
Intra,app.intra.ui,HistoryGraph,onSizeChanged,3,1,4
Intra,app.intra.ui,HistoryGraph,updateDataShader,4,1,1
Intra,app.intra.ui,HistoryGraph,onMeasure,23,4,2
Intra,app.intra.ui,HistoryGraph,onDraw,41,4,1
Intra,app.intra.ui,IntroDialog,shouldShow,3,1,1
Intra,app.intra.ui,IntroDialog,getTheme,3,1,0
Intra,app.intra.ui,IntroDialog,onCreateView,55,4,3
Intra,app.intra.ui,IntroDialog,onClick,6,2,1
Intra,app.intra.ui,IntroDialog,onClick,6,2,1
Intra,app.intra.ui,IntroDialog,onClick,5,1,1
Intra,app.intra.ui,IntroDialog,newInstance,9,1,3
Intra,app.intra.ui,IntroDialog,onCreateView,11,1,3
Intra,app.intra.ui,IntroDialog,Adapter,7,2,1
Intra,app.intra.ui,IntroDialog,getItemCount,3,1,0
Intra,app.intra.ui,IntroDialog,createFragment,3,1,1
Intra,app.intra.ui,IntroDialog,ButtonVisibilityUpdater,5,1,3
Intra,app.intra.ui,IntroDialog,onPageSelected,6,1,1
Intra,app.intra.ui,Page,newInstance,9,1,3
Intra,app.intra.ui,Page,onCreateView,11,1,3
Intra,app.intra.ui,Adapter,Adapter,7,2,1
Intra,app.intra.ui,Adapter,getItemCount,3,1,0
Intra,app.intra.ui,Adapter,createFragment,3,1,1
Intra,app.intra.ui,ButtonVisibilityUpdater,ButtonVisibilityUpdater,5,1,3
Intra,app.intra.ui,ButtonVisibilityUpdater,onPageSelected,6,1,1
Intra,app.intra.ui,MainActivity,onReceive,8,3,2
Intra,app.intra.ui,MainActivity,updateStatsDisplay,4,1,2
Intra,app.intra.ui,MainActivity,showTransaction,5,2,1
Intra,app.intra.ui,MainActivity,showNumRequests,7,2,1
Intra,app.intra.ui,MainActivity,openUrl,5,1,1
Intra,app.intra.ui,MainActivity,onSharedPreferenceChanged,5,2,2
Intra,app.intra.ui,MainActivity,onCreate,63,8,1
Intra,app.intra.ui,MainActivity,onClick,3,1,1
Intra,app.intra.ui,MainActivity,onNavigationItemSelected,25,8,1
Intra,app.intra.ui,MainActivity,onAttachedToWindow,3,1,0
Intra,app.intra.ui,MainActivity,getControlView,62,5,1
Intra,app.intra.ui,MainActivity,onCheckedChanged,8,2,2
Intra,app.intra.ui,MainActivity,onCheckedChanged,6,2,2
Intra,app.intra.ui,MainActivity,setInfoClicker,3,1,2
Intra,app.intra.ui,MainActivity,updateServerName,7,2,0
Intra,app.intra.ui,MainActivity,isHistoryEnabled,3,1,0
Intra,app.intra.ui,MainActivity,startAnimation,25,3,0
Intra,app.intra.ui,MainActivity,run,4,1,0
Intra,app.intra.ui,MainActivity,run,3,1,0
Intra,app.intra.ui,MainActivity,stopAnimation,6,2,0
Intra,app.intra.ui,MainActivity,onPostCreate,4,1,1
Intra,app.intra.ui,MainActivity,onResume,5,1,0
Intra,app.intra.ui,MainActivity,onPause,4,1,0
Intra,app.intra.ui,MainActivity,onDestroy,5,1,0
Intra,app.intra.ui,MainActivity,maybeAutostart,8,2,0
Intra,app.intra.ui,MainActivity,startDnsVpnService,3,1,0
Intra,app.intra.ui,MainActivity,stopDnsVpnService,3,1,0
Intra,app.intra.ui,MainActivity,getHistory,4,1,0
Intra,app.intra.ui,MainActivity,getNumRequests,4,1,0
Intra,app.intra.ui,MainActivity,prepareAndStartDnsVpn,10,3,0
Intra,app.intra.ui,MainActivity,hasVpnService,3,1,0
Intra,app.intra.ui,MainActivity,prepareVpnService,17,2,0
Intra,app.intra.ui,MainActivity,getLinkProperties,11,3,0
Intra,app.intra.ui,MainActivity,getSystemDnsServer,19,6,0
Intra,app.intra.ui,MainActivity,getPrivateDnsMode,16,5,0
Intra,app.intra.ui,MainActivity,isAnotherVpnActive,28,6,0
Intra,app.intra.ui,MainActivity,onActivityResult,11,3,3
Intra,app.intra.ui,MainActivity,syncDnsStatus,102,15,0
Intra,app.intra.ui,MainActivity,onBackPressed,7,2,0
Intra,app.intra.ui,MainActivity,isShowingHomeView,4,1,0
Intra,app.intra.ui,MainActivity,showSettings,5,1,0
Intra,app.intra.ui,MainActivity,chooseView,31,4,1
Intra,app.intra.ui,MainActivity,InfoPage,7,1,5
Intra,app.intra.ui,MainActivity,showInfo,13,1,1
Intra,app.intra.ui,MainActivity,prepareHyperlinks,7,2,2
Intra,app.intra.ui,MainActivity,getIntroApproval,5,2,0
Intra,app.intra.ui,PadNavigationView,PadNavigationView,3,1,1
Intra,app.intra.ui,PadNavigationView,PadNavigationView,3,1,2
Intra,app.intra.ui,PadNavigationView,PadNavigationView,3,1,3
Intra,app.intra.ui,PadNavigationView,onInsetsChanged,3,1,1
Intra,app.intra.ui,RecyclerAdapter,RecyclerAdapter,6,1,1
Intra,app.intra.ui,RecyclerAdapter,activateCountryMap,11,2,0
Intra,app.intra.ui,RecyclerAdapter,ControlViewHolder,4,1,1
Intra,app.intra.ui,RecyclerAdapter,TransactionViewHolder,15,1,1
Intra,app.intra.ui,RecyclerAdapter,setExpanded,17,3,1
Intra,app.intra.ui,RecyclerAdapter,update,7,1,1
Intra,app.intra.ui,RecyclerAdapter,onClick,6,1,1
Intra,app.intra.ui,RecyclerAdapter,Transaction,66,7,1
Intra,app.intra.ui,RecyclerAdapter,getTypeName,7,2,1
Intra,app.intra.ui,RecyclerAdapter,getFlag,11,2,1
Intra,app.intra.ui,RecyclerAdapter,getETldPlus1,24,3,1
Intra,app.intra.ui,RecyclerAdapter,getCountryCode,7,2,1
Intra,app.intra.ui,RecyclerAdapter,makeAddressPair,6,2,2
Intra,app.intra.ui,RecyclerAdapter,reset,12,3,1
Intra,app.intra.ui,RecyclerAdapter,add,4,1,1
Intra,app.intra.ui,RecyclerAdapter,getItem,3,1,1
Intra,app.intra.ui,RecyclerAdapter,onCreateViewHolder,16,3,2
Intra,app.intra.ui,RecyclerAdapter,onBindViewHolder,14,4,2
Intra,app.intra.ui,RecyclerAdapter,getItemCount,3,1,0
Intra,app.intra.ui,RecyclerAdapter,getItemViewType,3,1,1
Intra,app.intra.ui,ControlViewHolder,ControlViewHolder,4,1,1
Intra,app.intra.ui,TransactionViewHolder,TransactionViewHolder,15,1,1
Intra,app.intra.ui,TransactionViewHolder,setExpanded,17,3,1
Intra,app.intra.ui,TransactionViewHolder,update,7,1,1
Intra,app.intra.ui,TransactionViewHolder,onClick,6,1,1
Intra,app.intra.ui,Transaction,Transaction,66,7,1
Intra,app.intra.ui,Transaction,getTypeName,7,2,1
Intra,app.intra.ui,Transaction,getFlag,11,2,1
Intra,app.intra.ui,Transaction,getETldPlus1,24,3,1
Intra,app.intra.ui,Transaction,getCountryCode,7,2,1
Intra,app.intra.ui,Transaction,makeAddressPair,6,2,2
Intra,app.intra.ui,Rtl,isRtl,7,2,1
