Project Name,Package Name,Type Name,Code Smell 
cmd,ghidra.app.cmd.analysis,SharedReturnAnalysisCmd,Unutilized Abstraction
cmd,ghidra.app.cmd.comments,AppendCommentCmd,Unutilized Abstraction
cmd,ghidra.app.cmd.comments,CodeUnitInfoPasteCmd,Unutilized Abstraction
cmd,ghidra.app.cmd.comments,SetCommentsCmd,Unutilized Abstraction
cmd,ghidra.app.cmd.data,AbstractCreateStructureCmd,Unutilized Abstraction
cmd,ghidra.app.cmd.data,CreateArrayCmd,Unutilized Abstraction
cmd,ghidra.app.cmd.data,CreateArrayInStructureCmd,Unutilized Abstraction
cmd,ghidra.app.cmd.data,CreateDataBackgroundCmd,Unutilized Abstraction
cmd,ghidra.app.cmd.data,CreateDataCmd,Unutilized Abstraction
cmd,ghidra.app.cmd.data,CreateDataInStructureBackgroundCmd,Unutilized Abstraction
cmd,ghidra.app.cmd.data,CreateDataInStructureCmd,Unutilized Abstraction
cmd,ghidra.app.cmd.data,CreateStructureCmd,Unutilized Abstraction
cmd,ghidra.app.cmd.data,CreateStructureCmd,Broken Hierarchy
cmd,ghidra.app.cmd.data,CreateStructureInStructureCmd,Unutilized Abstraction
cmd,ghidra.app.cmd.data,CreateStructureInStructureCmd,Broken Hierarchy
cmd,ghidra.app.cmd.data,RenameDataFieldCmd,Unutilized Abstraction
cmd,ghidra.app.cmd.disassemble,ArmDisassembleCommand,Unutilized Abstraction
cmd,ghidra.app.cmd.disassemble,MyListener,Unutilized Abstraction
cmd,ghidra.app.cmd.disassemble,Hcs12DisassembleCommand,Unutilized Abstraction
cmd,ghidra.app.cmd.disassemble,MipsDisassembleCommand,Unutilized Abstraction
cmd,ghidra.app.cmd.disassemble,PowerPCDisassembleCommand,Unutilized Abstraction
cmd,ghidra.app.cmd.equate,ClearEquateCmd,Unutilized Abstraction
cmd,ghidra.app.cmd.equate,SetEquateCmd,Unutilized Abstraction
cmd,ghidra.app.cmd.formats,AppleSingleDoubleBinaryAnalysisCommand,Unutilized Abstraction
cmd,ghidra.app.cmd.formats,CoffArchiveBinaryAnalysisCommand,Unutilized Abstraction
cmd,ghidra.app.cmd.formats,CoffBinaryAnalysisCommand,Unutilized Abstraction
cmd,ghidra.app.cmd.formats,ElfBinaryAnalysisCommand,Unutilized Abstraction
cmd,ghidra.app.cmd.formats,MachoBinaryAnalysisCommand,Unutilized Abstraction
cmd,ghidra.app.cmd.formats,PefBinaryAnalysisCommand,Unutilized Abstraction
cmd,ghidra.app.cmd.formats,PortableExecutableBinaryAnalysisCommand,Unutilized Abstraction
cmd,ghidra.app.cmd.function,AddFunctionTagCmd,Unutilized Abstraction
cmd,ghidra.app.cmd.function,AddMemoryParameterCommand,Unutilized Abstraction
cmd,ghidra.app.cmd.function,AddMemoryVarCmd,Unutilized Abstraction
cmd,ghidra.app.cmd.function,AddParameterCommand,Unutilized Abstraction
cmd,ghidra.app.cmd.function,AddRegisterParameterCommand,Unutilized Abstraction
cmd,ghidra.app.cmd.function,AddRegisterVarCmd,Unutilized Abstraction
cmd,ghidra.app.cmd.function,AddStackParameterCommand,Unutilized Abstraction
cmd,ghidra.app.cmd.function,AddStackVarCmd,Unutilized Abstraction
cmd,ghidra.app.cmd.function,CaptureFunctionDataTypesCmd,Cyclic-Dependent Modularization
cmd,ghidra.app.cmd.function,CaptureFunctionDataTypesListener,Cyclic-Dependent Modularization
cmd,ghidra.app.cmd.function,ChangeFunctionTagCmd,Unutilized Abstraction
cmd,ghidra.app.cmd.function,ChangeFunctionTagCmd,Deficient Encapsulation
cmd,ghidra.app.cmd.function,CreateExternalFunctionCmd,Unutilized Abstraction
cmd,ghidra.app.cmd.function,CreateFunctionCmd,Cyclic-Dependent Modularization
cmd,ghidra.app.cmd.function,CreateFunctionDefinitionCmd,Unutilized Abstraction
cmd,ghidra.app.cmd.function,CreateFunctionTagCmd,Unutilized Abstraction
cmd,ghidra.app.cmd.function,CreateMultipleFunctionsCmd,Unutilized Abstraction
cmd,ghidra.app.cmd.function,CreateThunkFunctionCmd,Cyclic-Dependent Modularization
cmd,ghidra.app.cmd.function,CreateThunkFunctionCmd,Insufficient Modularization
cmd,ghidra.app.cmd.function,DeleteFunctionCmd,Unutilized Abstraction
cmd,ghidra.app.cmd.function,DeleteFunctionTagCmd,Unutilized Abstraction
cmd,ghidra.app.cmd.function,DeleteVariableCmd,Unutilized Abstraction
cmd,ghidra.app.cmd.function,FunctionPurgeAnalysisCmd,Unutilized Abstraction
cmd,ghidra.app.cmd.function,FunctionResultStateStackAnalysisCmd,Unutilized Abstraction
cmd,ghidra.app.cmd.function,FunctionStackAnalysisCmd,Unutilized Abstraction
cmd,ghidra.app.cmd.function,NewFunctionStackAnalysisCmd,Unutilized Abstraction
cmd,ghidra.app.cmd.function,NewFunctionStackAnalysisCmd,Insufficient Modularization
cmd,ghidra.app.cmd.function,RemoveFunctionTagCmd,Unutilized Abstraction
cmd,ghidra.app.cmd.function,RemoveStackDepthChangeCommand,Unutilized Abstraction
cmd,ghidra.app.cmd.function,SetFunctionNameCmd,Unutilized Abstraction
cmd,ghidra.app.cmd.function,SetFunctionPurgeCommand,Unutilized Abstraction
cmd,ghidra.app.cmd.function,SetFunctionRepeatableCommentCmd,Unutilized Abstraction
cmd,ghidra.app.cmd.function,SetFunctionVarArgsCommand,Unutilized Abstraction
cmd,ghidra.app.cmd.function,SetReturnDataTypeCmd,Unutilized Abstraction
cmd,ghidra.app.cmd.function,SetStackDepthChangeCommand,Unutilized Abstraction
cmd,ghidra.app.cmd.function,SetVariableCommentCmd,Unutilized Abstraction
cmd,ghidra.app.cmd.function,SetVariableDataTypeCmd,Unutilized Abstraction
cmd,ghidra.app.cmd.function,SetVariableNameCmd,Unutilized Abstraction
cmd,ghidra.app.cmd.label,AddLabelCmd,Unutilized Abstraction
cmd,ghidra.app.cmd.label,AddUniqueLabelCmd,Unutilized Abstraction
cmd,ghidra.app.cmd.label,DeleteLabelCmd,Unutilized Abstraction
cmd,ghidra.app.cmd.label,PinSymbolCmd,Unutilized Abstraction
cmd,ghidra.app.cmd.label,RenameLabelCmd,Unutilized Abstraction
cmd,ghidra.app.cmd.label,SetLabelNamespaceCmd,Unutilized Abstraction
cmd,ghidra.app.cmd.label,SetLabelPrimaryCmd,Unutilized Abstraction
cmd,ghidra.app.cmd.memory,AbstractAddMemoryBlockCmd,Unutilized Abstraction
cmd,ghidra.app.cmd.memory,AddBitMappedMemoryBlockCmd,Unutilized Abstraction
cmd,ghidra.app.cmd.memory,AddBitMappedMemoryBlockCmd,Broken Hierarchy
cmd,ghidra.app.cmd.memory,AddByteMappedMemoryBlockCmd,Unutilized Abstraction
cmd,ghidra.app.cmd.memory,AddByteMappedMemoryBlockCmd,Broken Hierarchy
cmd,ghidra.app.cmd.memory,AddFileBytesMemoryBlockCmd,Unutilized Abstraction
cmd,ghidra.app.cmd.memory,AddFileBytesMemoryBlockCmd,Broken Hierarchy
cmd,ghidra.app.cmd.memory,AddInitializedMemoryBlockCmd,Unutilized Abstraction
cmd,ghidra.app.cmd.memory,AddInitializedMemoryBlockCmd,Broken Hierarchy
cmd,ghidra.app.cmd.memory,AddUninitializedMemoryBlockCmd,Unutilized Abstraction
cmd,ghidra.app.cmd.memory,AddUninitializedMemoryBlockCmd,Broken Hierarchy
cmd,ghidra.app.cmd.memory,DeleteBlockCmd,Cyclic-Dependent Modularization
cmd,ghidra.app.cmd.memory,DeleteBlockListener,Cyclic-Dependent Modularization
cmd,ghidra.app.cmd.memory,MoveBlockListener,Cyclic-Dependent Modularization
cmd,ghidra.app.cmd.memory,MoveBlockTask,Cyclic-Dependent Modularization
cmd,ghidra.app.cmd.module,ComplexityDepthModularizationCmd,Unutilized Abstraction
cmd,ghidra.app.cmd.module,ComplexityDepthModularizationCmd,Broken Hierarchy
cmd,ghidra.app.cmd.module,CreateFolderCommand,Unutilized Abstraction
cmd,ghidra.app.cmd.module,CreateFragmentCmd,Unutilized Abstraction
cmd,ghidra.app.cmd.module,DeleteTreeCmd,Unutilized Abstraction
cmd,ghidra.app.cmd.module,DominanceModularizationCmd,Unutilized Abstraction
cmd,ghidra.app.cmd.module,DominanceModularizationCmd,Broken Hierarchy
cmd,ghidra.app.cmd.module,MergeFolderCmd,Unutilized Abstraction
cmd,ghidra.app.cmd.module,ModuleAlgorithmCmd,Unutilized Abstraction
cmd,ghidra.app.cmd.module,RenameCmd,Unutilized Abstraction
cmd,ghidra.app.cmd.module,RenameTreeCmd,Unutilized Abstraction
cmd,ghidra.app.cmd.module,ReorderModuleCmd,Unutilized Abstraction
cmd,ghidra.app.cmd.module,SubroutineModelCmd,Unutilized Abstraction
cmd,ghidra.app.cmd.refs,AddExternalNameCmd,Unutilized Abstraction
cmd,ghidra.app.cmd.refs,AddMemRefCmd,Unutilized Abstraction
cmd,ghidra.app.cmd.refs,AddMemRefsCmd,Unutilized Abstraction
cmd,ghidra.app.cmd.refs,AddOffsetMemRefCmd,Unutilized Abstraction
cmd,ghidra.app.cmd.refs,AddRegisterRefCmd,Unutilized Abstraction
cmd,ghidra.app.cmd.refs,AddShiftedMemRefCmd,Unutilized Abstraction
cmd,ghidra.app.cmd.refs,AddStackRefCmd,Unutilized Abstraction
cmd,ghidra.app.cmd.refs,AssociateSymbolCmd,Unutilized Abstraction
cmd,ghidra.app.cmd.refs,ClearExternalNameCmd,Unutilized Abstraction
cmd,ghidra.app.cmd.refs,ClearFallThroughCmd,Unutilized Abstraction
cmd,ghidra.app.cmd.refs,EditRefTypeCmd,Unutilized Abstraction
cmd,ghidra.app.cmd.refs,RemoveAllReferencesCmd,Unutilized Abstraction
cmd,ghidra.app.cmd.refs,RemoveExternalNameCmd,Unutilized Abstraction
cmd,ghidra.app.cmd.refs,RemoveExternalRefCmd,Unutilized Abstraction
cmd,ghidra.app.cmd.refs,SetExternalNameCmd,Unutilized Abstraction
cmd,ghidra.app.cmd.refs,SetExternalRefCmd,Unutilized Abstraction
cmd,ghidra.app.cmd.refs,SetFallThroughCmd,Unutilized Abstraction
cmd,ghidra.app.cmd.refs,SetPrimaryRefCmd,Unutilized Abstraction
cmd,ghidra.app.cmd.refs,UpdateExternalNameCmd,Unutilized Abstraction
cmd,ghidra.app.cmd.register,SetRegisterCmd,Unutilized Abstraction
